subreddit,created,score
CryptoCurrency,2021-05-09 08:28:35,49305
CryptoCurrency,2021-04-10 16:30:55,35608
CryptoCurrency,2021-05-04 11:27:42,28935
CryptoCurrency,2021-02-09 18:55:15,27711
CryptoCurrency,2021-02-13 13:30:21,21079
CryptoCurrency,2021-04-19 09:49:42,20600
CryptoCurrency,2021-04-24 07:24:56,20403
CryptoCurrency,2021-05-01 08:10:31,20318
CryptoCurrency,2021-01-29 06:41:40,20066
CryptoCurrency,2021-02-18 16:47:37,19994
CryptoCurrency,2021-05-10 09:03:05,19954
CryptoCurrency,2021-03-31 02:49:33,19620
CryptoCurrency,2021-02-09 06:29:30,18977
CryptoCurrency,2021-04-16 11:22:36,18793
CryptoCurrency,2021-05-11 11:29:24,18735
CryptoCurrency,2021-02-23 23:00:39,17746
CryptoCurrency,2021-02-08 13:28:10,17541
CryptoCurrency,2021-04-20 02:26:42,17473
CryptoCurrency,2021-02-26 12:25:00,17006
CryptoCurrency,2021-05-07 06:03:52,16434
CryptoCurrency,2021-03-07 09:17:37,16374
CryptoCurrency,2021-05-04 11:37:46,15549
CryptoCurrency,2021-04-25 08:17:08,15435
CryptoCurrency,2021-02-12 16:00:31,15060
CryptoCurrency,2021-05-06 19:01:00,14946
CryptoCurrency,2021-02-10 05:03:25,14608
CryptoCurrency,2021-01-28 17:53:59,14525
CryptoCurrency,2021-02-27 17:01:20,14321
CryptoCurrency,2021-02-06 14:00:00,14284
CryptoCurrency,2021-04-17 21:58:59,14065
CryptoCurrency,2021-04-22 18:39:58,14050
CryptoCurrency,2021-02-20 05:17:11,13941
CryptoCurrency,2021-05-03 12:39:43,13968
CryptoCurrency,2021-02-20 17:19:28,13928
CryptoCurrency,2021-04-17 04:05:45,13497
CryptoCurrency,2021-01-30 09:37:25,13311
CryptoCurrency,2021-03-17 08:00:10,13236
CryptoCurrency,2021-05-03 03:23:17,13120
CryptoCurrency,2021-04-27 10:23:24,12928
CryptoCurrency,2021-02-19 14:58:51,12794
CryptoCurrency,2021-03-01 17:12:39,12432
CryptoCurrency,2021-04-18 16:49:54,12317
CryptoCurrency,2021-02-27 04:22:24,12275
CryptoCurrency,2021-04-24 19:49:51,11802
CryptoCurrency,2021-02-25 04:02:26,11762
CryptoCurrency,2021-02-23 04:01:14,11610
CryptoCurrency,2021-02-02 06:58:26,11338
CryptoCurrency,2021-03-09 09:39:11,11298
CryptoCurrency,2021-04-03 16:53:14,11285
CryptoCurrency,2021-05-04 11:43:04,11263
CryptoCurrency,2021-03-06 08:21:16,11216
CryptoCurrency,2021-05-09 18:58:40,11168
CryptoCurrency,2021-03-02 13:52:55,11100
CryptoCurrency,2021-04-15 06:24:47,11088
CryptoCurrency,2021-05-05 22:06:58,11074
CryptoCurrency,2021-03-24 12:38:44,10850
CryptoCurrency,2021-04-17 04:58:23,10720
CryptoCurrency,2021-04-16 04:14:58,10597
CryptoCurrency,2021-05-12 15:53:48,11249
CryptoCurrency,2021-04-08 07:01:01,10531
CryptoCurrency,2021-01-29 19:00:46,10461
CryptoCurrency,2021-05-02 10:15:45,10397
CryptoCurrency,2021-05-04 07:29:33,10404
CryptoCurrency,2021-02-24 12:10:37,10382
CryptoCurrency,2021-04-06 05:49:37,10270
CryptoCurrency,2021-04-18 08:08:34,10205
CryptoCurrency,2021-04-11 19:37:48,10182
CryptoCurrency,2021-05-04 11:31:32,9966
CryptoCurrency,2021-03-30 02:26:34,9792
CryptoCurrency,2021-05-08 02:11:51,9626
CryptoCurrency,2021-01-30 23:11:29,9381
CryptoCurrency,2021-04-30 05:53:51,9223
CryptoCurrency,2021-02-01 16:46:18,9176
CryptoCurrency,2021-02-12 06:35:22,9068
CryptoCurrency,2021-03-03 07:47:49,8992
CryptoCurrency,2021-01-26 05:20:30,8795
CryptoCurrency,2021-04-18 20:59:15,8697
CryptoCurrency,2021-03-03 17:26:27,8676
CryptoCurrency,2021-05-12 09:09:10,8688
CryptoCurrency,2021-03-14 04:29:56,8567
CryptoCurrency,2021-02-17 12:13:48,8545
CryptoCurrency,2021-05-04 11:35:24,8422
CryptoCurrency,2021-03-15 20:56:16,8236
CryptoCurrency,2021-04-07 11:18:56,8171
CryptoCurrency,2021-05-11 01:43:05,8190
CryptoCurrency,2021-03-13 02:54:03,8077
CryptoCurrency,2021-04-28 15:46:24,7928
CryptoCurrency,2021-03-16 10:55:43,7871
CryptoCurrency,2021-03-25 06:42:34,7843
CryptoCurrency,2021-03-15 06:40:52,7754
CryptoCurrency,2021-04-23 08:07:06,7750
CryptoCurrency,2021-04-26 12:19:08,7675
CryptoCurrency,2021-02-16 12:09:43,7710
CryptoCurrency,2021-03-19 01:18:43,7667
CryptoCurrency,2021-02-03 22:24:07,7595
CryptoCurrency,2021-03-05 11:04:33,7547
CryptoCurrency,2021-05-07 19:15:25,7559
CryptoCurrency,2021-04-14 01:50:41,7490
CryptoCurrency,2021-02-17 06:57:30,7468
CryptoCurrency,2021-01-20 11:19:51,7403
CryptoCurrency,2021-04-23 19:18:57,7385
CryptoCurrency,2021-02-12 03:49:45,7323
CryptoCurrency,2021-05-04 11:47:14,7231
CryptoCurrency,2021-01-09 17:29:32,7161
CryptoCurrency,2021-04-20 21:43:26,7060
CryptoCurrency,2021-05-05 17:18:50,6998
CryptoCurrency,2021-04-04 11:05:38,6939
CryptoCurrency,2021-03-12 11:29:45,6925
CryptoCurrency,2021-01-30 17:30:40,6886
CryptoCurrency,2021-02-03 01:23:29,6867
CryptoCurrency,2021-04-19 21:06:54,6755
CryptoCurrency,2021-04-14 19:49:59,6689
CryptoCurrency,2021-04-03 00:27:11,6675
CryptoCurrency,2021-05-03 01:35:52,6660
CryptoCurrency,2021-04-27 10:23:24,6626
CryptoCurrency,2021-05-05 02:49:55,6583
CryptoCurrency,2021-04-28 07:05:49,6567
CryptoCurrency,2021-04-13 10:13:10,6527
CryptoCurrency,2021-04-09 03:54:12,6513
CryptoCurrency,2021-05-06 09:26:01,6518
CryptoCurrency,2021-04-15 16:17:08,6470
CryptoCurrency,2021-02-03 09:33:38,6411
CryptoCurrency,2021-02-04 09:00:47,6417
CryptoCurrency,2021-03-22 07:42:07,6414
CryptoCurrency,2021-05-06 04:32:13,6396
CryptoCurrency,2021-01-30 01:52:12,6340
CryptoCurrency,2021-02-11 04:02:24,6325
CryptoCurrency,2021-03-12 01:31:33,6308
CryptoCurrency,2021-03-20 04:02:50,6315
CryptoCurrency,2021-02-19 08:34:42,6225
CryptoCurrency,2021-04-02 08:10:41,6218
CryptoCurrency,2021-02-15 18:46:08,6214
CryptoCurrency,2020-12-24 23:42:14,6208
CryptoCurrency,2020-12-31 00:41:42,6205
CryptoCurrency,2021-04-27 01:38:20,6192
CryptoCurrency,2021-02-25 11:26:33,6165
CryptoCurrency,2021-03-21 07:28:00,6164
CryptoCurrency,2021-05-10 22:18:11,6113
CryptoCurrency,2021-05-04 00:04:56,6018
CryptoCurrency,2020-12-27 10:10:42,5958
CryptoCurrency,2021-04-28 22:16:07,5946
CryptoCurrency,2021-01-21 19:30:35,5886
CryptoCurrency,2021-03-25 20:00:55,5877
CryptoCurrency,2021-03-24 22:48:19,5865
CryptoCurrency,2021-04-29 04:18:13,5827
CryptoCurrency,2021-04-04 06:23:06,5805
CryptoCurrency,2021-03-18 09:50:41,5800
CryptoCurrency,2021-05-04 11:41:03,5774
CryptoCurrency,2021-04-20 15:32:34,5664
CryptoCurrency,2021-03-23 00:35:25,5634
CryptoCurrency,2021-04-22 09:53:49,5645
CryptoCurrency,2021-03-30 12:06:35,5569
CryptoCurrency,2021-03-23 21:52:35,5572
CryptoCurrency,2021-02-20 18:59:22,5572
CryptoCurrency,2021-03-04 21:31:05,5493
CryptoCurrency,2021-02-13 17:01:38,5450
CryptoCurrency,2021-01-20 04:38:14,5444
CryptoCurrency,2021-04-03 13:13:39,5436
CryptoCurrency,2021-02-11 13:40:19,5366
CryptoCurrency,2021-02-26 01:08:10,5303
CryptoCurrency,2021-03-18 02:54:36,5260
CryptoCurrency,2021-04-22 02:55:05,5241
CryptoCurrency,2021-03-19 15:42:43,5224
CryptoCurrency,2021-03-08 07:03:34,5230
CryptoCurrency,2020-05-16 00:49:25,5221
CryptoCurrency,2021-04-06 23:16:54,5211
CryptoCurrency,2021-03-11 04:01:32,5138
CryptoCurrency,2021-01-28 05:39:38,5134
CryptoCurrency,2021-04-23 04:24:58,5126
CryptoCurrency,2021-04-27 10:40:52,5070
CryptoCurrency,2021-02-18 09:44:23,5073
CryptoCurrency,2021-04-10 03:36:52,5049
CryptoCurrency,2021-03-28 12:15:46,5051
CryptoCurrency,2021-04-14 09:28:55,4987
CryptoCurrency,2021-03-06 01:12:01,4981
CryptoCurrency,2021-03-27 02:47:12,4949
CryptoCurrency,2021-02-04 22:42:01,4929
CryptoCurrency,2021-03-10 20:50:56,4902
CryptoCurrency,2021-02-04 01:37:52,4845
CryptoCurrency,2021-02-18 02:17:04,4792
CryptoCurrency,2021-04-12 07:51:16,4792
CryptoCurrency,2021-01-25 17:30:24,4786
CryptoCurrency,2021-03-21 17:45:49,4788
CryptoCurrency,2021-02-13 04:41:06,4784
CryptoCurrency,2021-02-13 19:52:46,4771
CryptoCurrency,2021-02-05 15:47:15,4738
CryptoCurrency,2021-02-17 05:33:54,4719
CryptoCurrency,2021-04-01 04:18:37,4703
CryptoCurrency,2021-03-26 04:07:58,4631
CryptoCurrency,2021-05-02 00:58:01,4594
CryptoCurrency,2020-11-23 19:03:06,4570
CryptoCurrency,2021-02-20 17:32:18,4492
CryptoCurrency,2021-01-21 05:58:53,4453
CryptoCurrency,2021-04-11 06:41:52,4452
CryptoCurrency,2021-03-20 16:39:56,4410
CryptoCurrency,2021-04-05 15:51:08,4410
CryptoCurrency,2021-02-23 16:22:14,4379
CryptoCurrency,2020-07-19 00:27:34,4373
CryptoCurrency,2021-05-02 04:29:24,4367
CryptoCurrency,2021-02-14 00:07:39,4309
CryptoCurrency,2021-03-26 01:13:53,4289
CryptoCurrency,2021-01-31 01:41:17,4274
CryptoCurrency,2021-01-29 05:21:25,4269
CryptoCurrency,2021-03-23 14:13:26,4241
CryptoCurrency,2021-02-06 17:00:38,4184
CryptoCurrency,2020-12-26 17:05:22,4165
CryptoCurrency,2020-06-10 15:42:07,4165
CryptoCurrency,2021-03-13 21:25:40,4151
CryptoCurrency,2021-05-09 04:53:21,4166
CryptoCurrency,2021-02-06 22:31:17,4142
CryptoCurrency,2021-03-11 18:20:21,4148
CryptoCurrency,2021-04-14 04:44:17,4145
CryptoCurrency,2021-03-29 16:10:55,4116
CryptoCurrency,2021-04-17 11:58:41,4083
CryptoCurrency,2020-09-08 11:10:50,4080
CryptoCurrency,2021-04-09 20:03:37,4058
CryptoCurrency,2021-01-07 16:37:53,4058
CryptoCurrency,2020-07-21 09:29:07,4049
CryptoCurrency,2021-05-04 22:14:37,4041
CryptoCurrency,2021-04-21 16:29:23,4022
CryptoCurrency,2021-04-05 09:14:17,4023
CryptoCurrency,2021-03-31 22:56:30,4025
CryptoCurrency,2021-03-28 01:22:19,4008
CryptoCurrency,2021-01-08 13:06:04,3930
CryptoCurrency,2021-04-13 21:16:30,3881
CryptoCurrency,2021-04-27 10:38:04,3856
CryptoCurrency,2020-12-17 07:56:52,3852
CryptoCurrency,2021-01-05 06:19:08,3843
CryptoCurrency,2021-02-24 01:39:50,3820
CryptoCurrency,2021-04-06 19:18:16,3803
CryptoCurrency,2021-03-26 19:54:55,3776
CryptoCurrency,2020-08-04 03:07:44,3757
CryptoCurrency,2021-01-02 17:24:09,3747
CryptoCurrency,2020-05-19 05:37:44,3744
CryptoCurrency,2021-02-23 10:08:46,3746
CryptoCurrency,2021-02-16 21:08:20,3724
CryptoCurrency,2020-10-03 10:18:13,3702
CryptoCurrency,2020-10-12 08:02:43,3651
CryptoCurrency,2021-02-21 17:59:46,3657
CryptoCurrency,2021-04-24 09:15:24,3648
CryptoCurrency,2020-12-29 05:32:57,3637
CryptoCurrency,2021-05-09 17:08:27,3635
CryptoCurrency,2020-10-27 05:56:50,3615
CryptoCurrency,2021-01-04 15:54:18,3543
CryptoCurrency,2021-04-28 03:14:36,3537
CryptoCurrency,2021-03-18 13:52:08,3531
CryptoCurrency,2020-12-23 04:14:26,3486
CryptoCurrency,2021-03-11 12:27:11,3471
CryptoCurrency,2021-04-13 00:44:57,3444
CryptoCurrency,2020-07-28 13:33:30,3420
CryptoCurrency,2021-05-10 13:10:18,3437
CryptoCurrency,2020-09-30 01:30:27,3401
CryptoCurrency,2021-03-19 04:51:54,3403
CryptoCurrency,2021-03-25 00:26:20,3348
CryptoCurrency,2020-12-29 15:40:54,3345
CryptoCurrency,2021-01-06 21:32:02,3333
CryptoCurrency,2020-05-18 08:40:52,3338
CryptoCurrency,2021-02-15 15:05:14,3332
CryptoCurrency,2020-06-15 04:25:35,3314
CryptoCurrency,2021-01-12 03:19:25,3293
CryptoCurrency,2021-05-09 13:29:29,3256
CryptoCurrency,2021-02-05 13:01:21,3241
CryptoCurrency,2020-12-16 20:44:34,3199
CryptoCurrency,2021-04-20 08:39:48,3194
CryptoCurrency,2021-03-17 02:00:51,3195
CryptoCurrency,2021-03-27 12:00:58,3161
CryptoCurrency,2021-03-07 22:16:27,3171
CryptoCurrency,2021-05-02 18:24:04,3165
CryptoCurrency,2021-01-22 16:47:43,3137
CryptoCurrency,2020-07-15 09:47:07,3133
CryptoCurrency,2021-04-11 03:44:18,3124
CryptoCurrency,2021-02-04 12:21:36,3113
CryptoCurrency,2021-01-01 13:36:07,3110
CryptoCurrency,2020-10-05 11:27:57,3115
CryptoCurrency,2021-04-19 22:40:33,3102
CryptoCurrency,2021-04-19 13:49:01,3102
CryptoCurrency,2020-09-05 12:28:04,3093
CryptoCurrency,2021-05-06 05:34:47,3094
CryptoCurrency,2021-04-01 08:43:54,3086
CryptoCurrency,2021-04-19 08:33:41,3070
CryptoCurrency,2021-01-15 07:07:26,3053
CryptoCurrency,2021-01-27 11:07:30,3007
CryptoCurrency,2021-03-03 05:02:04,3002
CryptoCurrency,2021-04-01 23:30:03,3003
CryptoCurrency,2021-04-23 21:12:57,2994
CryptoCurrency,2021-05-12 05:32:13,3005
CryptoCurrency,2021-04-07 07:10:49,2956
CryptoCurrency,2021-03-14 21:03:41,2960
CryptoCurrency,2020-08-19 12:39:25,2957
CryptoCurrency,2021-01-09 03:33:13,2948
CryptoCurrency,2021-04-27 10:35:35,2926
CryptoCurrency,2020-08-14 08:25:55,2914
CryptoCurrency,2021-01-13 06:58:24,2906
CryptoCurrency,2021-05-09 21:12:26,2911
CryptoCurrency,2020-08-11 10:08:19,2903
CryptoCurrency,2020-05-14 17:16:55,2871
CryptoCurrency,2021-05-02 02:40:32,2873
CryptoCurrency,2020-12-30 08:05:08,2870
CryptoCurrency,2020-08-16 17:43:25,2835
CryptoCurrency,2021-05-07 16:50:37,2850
CryptoCurrency,2021-04-22 02:13:55,2831
CryptoCurrency,2020-11-06 01:10:18,2815
CryptoCurrency,2021-01-15 16:48:16,2816
CryptoCurrency,2020-12-23 12:19:40,2817
CryptoCurrency,2020-08-13 02:11:00,2786
CryptoCurrency,2021-04-26 08:30:06,2779
CryptoCurrency,2021-04-26 03:30:41,2769
CryptoCurrency,2020-10-30 13:41:39,2772
CryptoCurrency,2021-05-06 14:14:17,2766
CryptoCurrency,2021-02-20 19:50:46,2768
CryptoCurrency,2021-04-08 01:17:48,2750
CryptoCurrency,2020-08-17 09:40:33,2745
CryptoCurrency,2021-04-02 02:38:47,2743
CryptoCurrency,2021-02-20 21:36:45,2735
CryptoCurrency,2020-09-01 04:08:49,2731
CryptoCurrency,2020-07-30 14:21:13,2703
CryptoCurrency,2021-05-09 22:41:51,2712
CryptoCurrency,2020-06-03 16:03:05,2696
CryptoCurrency,2020-07-17 21:14:47,2689
CryptoCurrency,2020-06-19 20:29:01,2679
CryptoCurrency,2021-05-08 12:37:47,2674
CryptoCurrency,2021-04-27 10:23:23,2667
CryptoCurrency,2020-07-18 10:19:26,2649
CryptoCurrency,2021-02-16 07:10:58,2643
CryptoCurrency,2021-02-14 00:10:27,2635
CryptoCurrency,2020-10-26 02:19:31,2638
CryptoCurrency,2020-08-30 12:15:04,2632
CryptoCurrency,2020-07-09 03:43:41,2610
CryptoCurrency,2021-01-23 04:46:21,2608
CryptoCurrency,2021-04-19 16:29:19,2605
CryptoCurrency,2021-05-10 03:06:34,2616
CryptoCurrency,2021-01-08 07:54:51,2593
CryptoCurrency,2021-01-18 20:51:13,2596
CryptoCurrency,2021-02-07 02:04:51,2586
CryptoCurrency,2021-03-14 09:41:32,2584
CryptoCurrency,2020-05-17 10:35:54,2578
CryptoCurrency,2020-08-22 06:18:09,2573
CryptoCurrency,2020-12-17 09:00:10,2567
CryptoCurrency,2021-05-04 15:33:09,2558
CryptoCurrency,2020-08-15 15:09:22,2554
CryptoCurrency,2021-04-20 11:13:57,2549
CryptoCurrency,2021-01-12 19:34:20,2533
CryptoCurrency,2021-01-02 12:32:43,2531
CryptoCurrency,2021-01-28 12:33:44,2518
CryptoCurrency,2020-09-06 03:12:21,2522
CryptoCurrency,2021-04-21 09:23:23,2524
CryptoCurrency,2020-10-23 06:15:17,2515
CryptoCurrency,2021-02-24 23:30:03,2511
CryptoCurrency,2021-02-06 17:52:24,2499
CryptoCurrency,2020-10-08 05:01:23,2497
CryptoCurrency,2021-04-15 11:00:55,2490
CryptoCurrency,2021-04-27 10:45:55,2475
CryptoCurrency,2021-04-18 21:41:22,2475
CryptoCurrency,2021-01-11 22:02:14,2473
CryptoCurrency,2021-02-20 18:47:08,2467
CryptoCurrency,2021-03-29 01:44:35,2467
CryptoCurrency,2021-02-13 08:16:59,2444
CryptoCurrency,2021-04-23 19:38:04,2435
CryptoCurrency,2021-04-09 01:44:51,2428
CryptoCurrency,2020-10-10 07:12:16,2424
CryptoCurrency,2020-05-22 10:20:52,2420
CryptoCurrency,2021-04-27 10:43:13,2411
CryptoCurrency,2021-02-09 17:33:41,2416
CryptoCurrency,2020-10-22 04:38:44,2419
CryptoCurrency,2021-02-27 17:03:10,2413
CryptoCurrency,2020-08-11 05:05:54,2408
CryptoCurrency,2020-06-13 14:49:22,2402
CryptoCurrency,2020-08-27 18:06:53,2405
CryptoCurrency,2021-04-25 13:03:06,2387
CryptoCurrency,2021-01-16 08:57:16,2382
CryptoCurrency,2020-07-04 16:49:09,2383
CryptoCurrency,2021-03-02 16:23:40,2379
CryptoCurrency,2021-03-05 09:32:38,2373
CryptoCurrency,2021-04-15 20:21:35,2374
CryptoCurrency,2021-05-08 11:50:15,2368
CryptoCurrency,2020-10-24 07:09:43,2356
CryptoCurrency,2020-10-06 11:35:34,2354
CryptoCurrency,2020-05-29 13:06:49,2353
CryptoCurrency,2020-05-21 08:07:26,2340
CryptoCurrency,2021-04-16 20:35:18,2338
CryptoCurrency,2021-04-23 06:31:06,2325
CryptoCurrency,2021-04-17 09:21:13,2307
CryptoCurrency,2021-04-18 09:42:57,2318
CryptoCurrency,2021-04-24 01:09:38,2310
CryptoCurrency,2021-05-11 17:07:08,2312
CryptoCurrency,2021-02-20 07:53:49,2292
CryptoCurrency,2021-05-09 14:34:44,2293
CryptoCurrency,2021-03-14 06:13:54,2255
CryptoCurrency,2021-04-28 17:54:32,2239
CryptoCurrency,2021-02-24 09:46:01,2230
CryptoCurrency,2020-10-14 07:44:10,2229
CryptoCurrency,2021-05-04 23:11:31,2229
CryptoCurrency,2021-04-20 05:36:30,2196
CryptoCurrency,2020-07-20 00:03:25,2196
CryptoCurrency,2020-12-24 06:36:27,2198
CryptoCurrency,2021-04-21 18:45:24,2192
CryptoCurrency,2020-12-12 17:24:50,2184
CryptoCurrency,2020-10-02 19:42:46,2174
CryptoCurrency,2020-12-04 02:17:05,2174
CryptoCurrency,2021-04-22 07:54:35,2175
CryptoCurrency,2020-05-31 00:26:49,2159
CryptoCurrency,2020-11-25 08:23:16,2156
CryptoCurrency,2020-08-02 02:26:54,2158
CryptoCurrency,2021-04-25 15:32:51,2154
CryptoCurrency,2021-02-13 21:06:40,2149
CryptoCurrency,2021-04-26 21:36:15,2142
CryptoCurrency,2021-02-14 00:01:57,2146
CryptoCurrency,2021-05-09 21:10:19,2154
CryptoCurrency,2020-09-17 07:29:00,2141
CryptoCurrency,2021-01-05 16:32:06,2134
CryptoCurrency,2021-03-08 07:14:23,2130
CryptoCurrency,2021-02-28 13:45:31,2115
CryptoCurrency,2021-02-11 14:36:37,2114
CryptoCurrency,2021-05-01 03:39:59,2105
CryptoCurrency,2020-08-03 05:47:29,2099
CryptoCurrency,2020-07-06 05:25:07,2101
CryptoCurrency,2021-04-12 08:16:49,2092
CryptoCurrency,2021-05-08 10:04:57,2096
CryptoCurrency,2020-10-15 17:44:08,2091
CryptoCurrency,2020-12-03 07:44:32,2086
CryptoCurrency,2021-03-28 13:45:43,2081
CryptoCurrency,2021-03-31 13:56:27,2074
CryptoCurrency,2020-08-18 01:51:19,2074
CryptoCurrency,2020-10-07 12:34:17,2067
CryptoCurrency,2021-04-02 17:44:14,2052
CryptoCurrency,2020-06-25 07:50:30,2057
CryptoCurrency,2020-09-27 02:07:53,2049
CryptoCurrency,2021-04-23 14:34:58,2048
CryptoCurrency,2021-01-14 09:34:58,2051
CryptoCurrency,2021-04-24 11:19:26,2045
CryptoCurrency,2021-03-26 13:57:31,2040
CryptoCurrency,2021-05-12 12:27:09,2094
CryptoCurrency,2020-11-07 05:06:51,2021
CryptoCurrency,2021-05-07 18:18:13,2021
CryptoCurrency,2020-09-23 05:04:32,2013
CryptoCurrency,2020-07-25 03:20:55,2014
CryptoCurrency,2020-10-22 16:08:22,2005
CryptoCurrency,2020-12-16 09:52:11,2010
CryptoCurrency,2021-01-29 17:40:17,2010
CryptoCurrency,2020-10-04 02:54:18,1998
CryptoCurrency,2020-10-09 07:45:48,1993
CryptoCurrency,2021-02-27 22:07:06,1995
CryptoCurrency,2020-08-28 21:46:51,1991
CryptoCurrency,2021-02-20 23:12:49,1980
CryptoCurrency,2020-12-28 15:29:02,1987
CryptoCurrency,2021-03-02 09:22:47,1977
CryptoCurrency,2020-10-20 14:41:11,1980
CryptoCurrency,2020-09-04 17:13:49,1977
CryptoCurrency,2020-10-10 15:33:19,1966
CryptoCurrency,2020-08-09 03:15:41,1961
CryptoCurrency,2021-04-08 11:29:11,1961
CryptoCurrency,2020-10-26 23:17:44,1952
CryptoCurrency,2020-09-14 02:54:47,1950
CryptoCurrency,2020-11-26 05:52:11,1954
CryptoCurrency,2020-05-16 17:30:15,1944
CryptoCurrency,2020-12-18 12:06:47,1937
CryptoCurrency,2021-01-16 03:52:47,1940
CryptoCurrency,2021-04-20 05:07:58,1937
CryptoCurrency,2020-10-01 13:51:57,1922
CryptoCurrency,2021-02-16 18:47:00,1926
CryptoCurrency,2020-06-04 12:51:35,1928
CryptoCurrency,2021-01-29 23:36:07,1922
CryptoCurrency,2021-03-10 18:13:08,1918
CryptoCurrency,2021-05-04 11:51:47,1916
CryptoCurrency,2021-02-27 17:36:50,1912
CryptoCurrency,2021-02-26 13:57:42,1906
CryptoCurrency,2021-01-09 09:47:40,1903
CryptoCurrency,2021-02-06 17:32:51,1906
CryptoCurrency,2021-04-17 08:34:47,1905
CryptoCurrency,2021-04-07 09:04:19,1902
CryptoCurrency,2021-02-04 13:47:27,1899
CryptoCurrency,2021-04-12 09:18:18,1894
CryptoCurrency,2020-08-24 03:21:56,1896
CryptoCurrency,2021-04-04 04:03:09,1892
CryptoCurrency,2021-04-27 20:16:16,1883
CryptoCurrency,2021-01-14 02:03:53,1876
CryptoCurrency,2021-05-12 20:39:30,2248
CryptoCurrency,2021-04-28 07:37:36,1867
CryptoCurrency,2021-01-21 11:33:07,1860
CryptoCurrency,2020-11-28 04:18:51,1857
CryptoCurrency,2021-05-07 08:25:51,1857
CryptoCurrency,2021-02-14 01:20:38,1854
CryptoCurrency,2021-02-10 03:27:42,1844
CryptoCurrency,2020-09-30 14:33:17,1845
CryptoCurrency,2021-04-30 02:52:23,1833
CryptoCurrency,2021-02-15 19:51:05,1829
CryptoCurrency,2020-12-19 05:10:40,1824
CryptoCurrency,2021-01-09 22:26:34,1827
CryptoCurrency,2021-02-20 19:16:38,1822
CryptoCurrency,2020-12-26 21:53:10,1816
CryptoCurrency,2021-02-17 23:45:53,1810
CryptoCurrency,2020-11-01 04:14:05,1812
CryptoCurrency,2021-04-23 19:49:29,1811
CryptoCurrency,2021-04-20 09:25:43,1803
CryptoCurrency,2020-09-11 03:48:21,1807
CryptoCurrency,2020-07-12 21:04:51,1802
CryptoCurrency,2021-04-16 12:35:36,1798
CryptoCurrency,2020-09-02 14:25:28,1798
CryptoCurrency,2021-03-22 06:28:45,1800
CryptoCurrency,2020-09-22 15:10:59,1784
CryptoCurrency,2021-04-27 11:09:23,1784
CryptoCurrency,2021-02-27 17:02:01,1777
CryptoCurrency,2021-03-06 06:33:04,1774
CryptoCurrency,2021-04-22 14:32:56,1777
CryptoCurrency,2020-08-26 01:24:52,1772
CryptoCurrency,2020-10-20 04:09:38,1766
CryptoCurrency,2020-09-06 10:14:11,1764
CryptoCurrency,2021-04-23 14:06:41,1760
CryptoCurrency,2021-01-06 07:30:49,1758
CryptoCurrency,2020-11-11 14:51:13,1751
CryptoCurrency,2021-02-27 08:26:12,1743
CryptoCurrency,2020-10-31 07:59:51,1742
CryptoCurrency,2021-05-07 09:00:40,1749
CryptoCurrency,2020-10-17 23:39:59,1740
CryptoCurrency,2020-07-27 03:25:09,1727
CryptoCurrency,2021-04-29 12:54:47,1731
CryptoCurrency,2021-05-12 10:20:05,1756
CryptoCurrency,2021-05-11 19:17:03,1786
CryptoCurrency,2020-12-02 05:18:44,1727
CryptoCurrency,2020-06-03 08:26:40,1725
CryptoCurrency,2020-07-31 23:56:09,1727
CryptoCurrency,2021-04-15 06:18:08,1718
CryptoCurrency,2020-10-04 11:04:07,1718
CryptoCurrency,2021-02-18 10:29:58,1716
CryptoCurrency,2021-05-09 02:55:26,1716
CryptoCurrency,2021-04-20 01:36:55,1712
CryptoCurrency,2021-02-02 14:42:37,1711
CryptoCurrency,2020-11-21 18:00:01,1705
CryptoCurrency,2021-03-20 02:41:54,1707
CryptoCurrency,2020-12-18 02:21:00,1708
CryptoCurrency,2020-06-17 20:19:21,1704
CryptoCurrency,2021-03-07 23:49:43,1709
CryptoCurrency,2021-05-03 07:10:06,1702
CryptoCurrency,2021-02-10 15:02:05,1697
CryptoCurrency,2021-02-16 10:36:53,1682
CryptoCurrency,2020-12-26 04:38:39,1687
CryptoCurrency,2021-02-20 20:00:37,1679
CryptoCurrency,2020-07-14 16:20:20,1677
CryptoCurrency,2021-03-14 11:16:50,1678
CryptoCurrency,2021-02-11 10:11:00,1673
CryptoCurrency,2020-12-22 06:22:16,1671
CryptoCurrency,2020-11-24 19:26:08,1671
CryptoCurrency,2020-11-18 20:09:40,1675
CryptoCurrency,2021-04-27 15:03:01,1672
CryptoCurrency,2021-01-07 11:02:40,1666
CryptoCurrency,2021-04-15 14:10:50,1660
CryptoCurrency,2021-05-03 21:42:04,1662
CryptoCurrency,2021-02-23 08:21:41,1648
CryptoCurrency,2021-04-28 10:11:42,1647
CryptoCurrency,2021-04-16 21:38:40,1652
CryptoCurrency,2021-04-18 20:58:20,1647
CryptoCurrency,2021-03-08 14:36:10,1641
CryptoCurrency,2021-01-09 17:17:37,1651
CryptoCurrency,2021-04-17 19:08:02,1643
CryptoCurrency,2020-05-24 07:07:12,1644
CryptoCurrency,2021-04-21 20:06:06,1643
CryptoCurrency,2020-07-01 07:31:57,1635
CryptoCurrency,2021-02-14 05:49:53,1625
CryptoCurrency,2021-05-06 01:28:47,1627
CryptoCurrency,2021-05-03 19:20:42,1622
CryptoCurrency,2021-02-07 02:18:36,1621
CryptoCurrency,2021-04-19 21:59:42,1620
CryptoCurrency,2021-02-18 19:29:11,1620
CryptoCurrency,2020-11-04 19:40:15,1624
CryptoCurrency,2020-08-21 13:42:54,1610
CryptoCurrency,2020-07-17 12:29:06,1610
CryptoCurrency,2021-05-11 04:12:08,1623
CryptoCurrency,2021-04-13 02:55:49,1604
CryptoCurrency,2021-03-06 08:46:30,1599
CryptoCurrency,2021-04-10 04:14:13,1598
CryptoCurrency,2020-12-15 16:37:13,1591
CryptoCurrency,2021-05-05 18:22:55,1594
CryptoCurrency,2021-05-01 09:56:13,1591
CryptoCurrency,2020-10-16 13:34:45,1585
CryptoCurrency,2021-04-18 18:08:11,1581
CryptoCurrency,2020-09-09 09:49:53,1583
CryptoCurrency,2020-07-23 06:02:19,1576
CryptoCurrency,2021-04-27 02:38:25,1575
CryptoCurrency,2020-08-03 14:10:17,1575
CryptoCurrency,2020-12-31 13:10:59,1566
CryptoCurrency,2021-02-11 14:04:22,1567
CryptoCurrency,2020-12-25 19:46:12,1564
CryptoCurrency,2020-05-25 23:31:03,1565
CryptoCurrency,2021-05-12 11:29:14,1608
CryptoCurrency,2020-06-02 03:28:49,1555
CryptoCurrency,2021-05-04 21:36:13,1562
CryptoCurrency,2020-10-18 16:22:04,1561
CryptoCurrency,2020-09-11 21:50:19,1555
CryptoCurrency,2021-04-09 07:19:45,1550
CryptoCurrency,2021-05-07 08:52:42,1557
CryptoCurrency,2021-03-22 05:38:07,1542
CryptoCurrency,2021-04-20 11:58:23,1545
CryptoCurrency,2020-06-23 19:33:45,1548
CryptoCurrency,2021-03-03 04:48:13,1540
CryptoCurrency,2021-02-17 19:54:05,1540
CryptoCurrency,2021-02-23 20:56:03,1542
CryptoCurrency,2020-11-27 11:50:39,1538
CryptoCurrency,2020-08-16 09:05:27,1539
CryptoCurrency,2020-06-05 04:53:34,1537
CryptoCurrency,2021-01-30 14:56:26,1537
CryptoCurrency,2020-11-17 15:29:58,1532
CryptoCurrency,2020-07-24 00:56:38,1526
CryptoCurrency,2021-03-23 14:39:56,1521
CryptoCurrency,2020-09-26 02:42:55,1513
CryptoCurrency,2020-11-04 04:39:26,1514
CryptoCurrency,2021-02-07 03:33:10,1503
CryptoCurrency,2021-02-21 06:52:09,1508
CryptoCurrency,2021-02-04 11:27:07,1506
CryptoCurrency,2020-09-28 06:05:31,1508
CryptoCurrency,2020-07-25 14:46:38,1505
CryptoCurrency,2020-10-23 11:00:49,1501
CryptoCurrency,2021-03-10 11:46:28,1503
CryptoCurrency,2021-03-07 03:58:59,1500
CryptoCurrency,2021-03-06 06:34:03,1494
CryptoCurrency,2020-08-01 13:41:16,1496
CryptoCurrency,2021-02-07 02:06:26,1497
CryptoCurrency,2021-01-29 08:21:41,1495
CryptoCurrency,2021-04-28 21:50:51,1490
CryptoCurrency,2021-02-21 01:20:27,1492
CryptoCurrency,2021-03-26 09:29:42,1483
CryptoCurrency,2020-10-21 05:54:38,1488
CryptoCurrency,2020-05-27 01:28:25,1492
CryptoCurrency,2021-02-26 10:08:32,1486
CryptoCurrency,2020-12-21 20:07:05,1490
CryptoCurrency,2021-03-07 06:41:16,1491
CryptoCurrency,2021-02-20 19:12:03,1478
CryptoCurrency,2021-04-20 16:16:21,1481
CryptoCurrency,2020-11-21 02:25:06,1484
CryptoCurrency,2021-05-07 06:35:12,1483
CryptoCurrency,2020-08-08 01:00:28,1473
CryptoCurrency,2021-05-11 06:45:04,1466
CryptoCurrency,2021-05-03 20:00:06,1465
CryptoCurrency,2021-03-04 07:04:51,1476
CryptoCurrency,2021-02-01 05:28:16,1459
CryptoCurrency,2021-03-06 08:40:10,1460
CryptoCurrency,2020-06-23 10:09:21,1459
CryptoCurrency,2020-08-10 19:12:21,1457
CryptoCurrency,2021-02-13 02:21:37,1450
CryptoCurrency,2021-01-29 07:33:38,1454
CryptoCurrency,2021-04-14 09:52:36,1453
CryptoCurrency,2021-03-12 12:40:32,1442
CryptoCurrency,2021-02-09 08:38:18,1437
CryptoCurrency,2020-08-06 03:33:21,1437
CryptoCurrency,2021-05-01 22:10:37,1429
CryptoCurrency,2021-02-24 01:26:18,1433
CryptoCurrency,2020-11-19 10:53:06,1431
CryptoCurrency,2021-04-29 20:05:54,1426
CryptoCurrency,2021-04-22 10:46:24,1423
CryptoCurrency,2021-03-02 21:07:28,1421
CryptoCurrency,2021-05-04 06:03:51,1419
CryptoCurrency,2021-02-16 02:17:42,1416
CryptoCurrency,2020-11-13 10:19:46,1421
CryptoCurrency,2021-04-23 06:53:04,1416
CryptoCurrency,2020-12-08 19:01:00,1419
CryptoCurrency,2020-07-08 01:47:55,1411
CryptoCurrency,2021-04-22 06:32:14,1418
CryptoCurrency,2021-02-10 19:27:24,1411
CryptoCurrency,2020-09-24 10:40:26,1409
CryptoCurrency,2021-03-11 08:43:23,1412
CryptoCurrency,2021-05-01 20:42:42,1408
CryptoCurrency,2021-02-22 16:26:36,1406
CryptoCurrency,2021-04-30 09:06:44,1408
CryptoCurrency,2020-08-23 15:54:20,1402
CryptoCurrency,2020-07-02 06:19:57,1405
CryptoCurrency,2021-02-27 10:28:18,1400
CryptoCurrency,2020-10-01 03:45:43,1403
CryptoCurrency,2021-05-03 07:07:18,1403
CryptoCurrency,2021-03-07 01:52:08,1398
CryptoCurrency,2021-02-21 07:55:27,1402
CryptoCurrency,2021-02-11 07:32:00,1393
CryptoCurrency,2021-04-26 09:37:48,1400
CryptoCurrency,2020-08-29 23:27:23,1396
CryptoCurrency,2021-01-22 07:45:18,1389
CryptoCurrency,2020-09-12 11:10:55,1390
CryptoCurrency,2020-06-28 19:05:10,1387
CryptoCurrency,2021-03-23 16:02:59,1384
CryptoCurrency,2020-08-06 19:35:04,1380
CryptoCurrency,2021-04-24 09:00:15,1379
CryptoCurrency,2021-03-28 13:02:05,1365
CryptoCurrency,2020-12-07 21:22:23,1369
CryptoCurrency,2021-03-24 05:47:09,1368
CryptoCurrency,2020-12-15 11:23:40,1365
CryptoCurrency,2020-12-24 14:01:52,1361
CryptoCurrency,2021-04-26 02:03:27,1362
CryptoCurrency,2020-07-16 10:51:07,1357
CryptoCurrency,2021-01-05 22:28:17,1358
CryptoCurrency,2021-03-18 17:11:17,1350
CryptoCurrency,2021-05-08 01:41:43,1359
CryptoCurrency,2020-10-15 06:15:34,1348
CryptoCurrency,2021-04-07 03:49:55,1348
CryptoCurrency,2020-08-08 14:54:19,1345
CryptoCurrency,2020-08-24 18:30:51,1340
CryptoCurrency,2021-05-06 02:27:50,1342
CryptoCurrency,2021-02-14 04:42:38,1340
CryptoCurrency,2020-07-11 23:23:32,1343
CryptoCurrency,2020-05-30 06:24:10,1336
CryptoCurrency,2020-06-02 17:04:02,1331
CryptoCurrency,2021-05-08 12:35:18,1397
CryptoCurrency,2020-10-05 03:11:05,1333
CryptoCurrency,2020-08-12 06:14:00,1330
CryptoCurrency,2020-12-01 09:29:17,1326
CryptoCurrency,2021-02-21 03:33:47,1325
CryptoCurrency,2020-08-02 18:13:25,1324
CryptoCurrency,2021-03-14 13:14:56,1328
CryptoCurrency,2020-10-29 07:42:41,1320
CryptoCurrency,2021-04-25 18:53:57,1322
CryptoCurrency,2020-07-19 02:08:55,1324
CryptoCurrency,2020-05-31 18:27:48,1321
CryptoCurrency,2021-04-24 21:44:10,1320
CryptoCurrency,2021-04-14 16:05:07,1320
CryptoCurrency,2020-12-09 06:04:48,1324
CryptoCurrency,2021-04-24 05:42:38,1314
CryptoCurrency,2021-03-23 06:52:15,1316
CryptoCurrency,2021-03-01 19:32:52,1306
CryptoCurrency,2021-05-03 22:02:55,1306
CryptoCurrency,2021-05-02 15:55:26,1306
CryptoCurrency,2021-01-18 18:52:39,1306
CryptoCurrency,2021-04-26 00:07:37,1300
CryptoCurrency,2021-02-17 01:11:51,1294
CryptoCurrency,2020-09-05 02:32:10,1296
CryptoCurrency,2021-02-06 19:32:29,1301
CryptoCurrency,2020-08-25 11:36:35,1301
CryptoCurrency,2021-03-12 09:29:57,1294
CryptoCurrency,2021-03-31 00:38:19,1293
CryptoCurrency,2021-05-12 02:01:04,1297
CryptoCurrency,2021-04-25 03:44:59,1286
CryptoCurrency,2020-10-09 04:43:35,1282
CryptoCurrency,2020-07-16 05:39:41,1285
CryptoCurrency,2021-05-06 01:20:03,1286
CryptoCurrency,2020-07-22 11:07:13,1284
CryptoCurrency,2021-04-19 15:50:37,1284
CryptoCurrency,2021-04-28 15:11:52,1283
CryptoCurrency,2021-04-19 07:09:42,1278
CryptoCurrency,2021-03-01 06:57:54,1280
CryptoCurrency,2021-03-09 06:32:23,1281
CryptoCurrency,2021-05-03 13:00:46,1266
CryptoCurrency,2020-07-20 17:19:54,1272
CryptoCurrency,2021-03-28 09:29:31,1271
CryptoCurrency,2021-03-18 05:47:33,1269
CryptoCurrency,2021-04-21 02:47:23,1273
CryptoCurrency,2021-01-16 17:55:41,1269
CryptoCurrency,2020-10-11 23:44:28,1267
CryptoCurrency,2021-03-13 06:40:45,1266
CryptoCurrency,2020-09-25 06:41:58,1264
CryptoCurrency,2021-04-04 12:14:12,1259
CryptoCurrency,2021-04-01 23:30:49,1256
CryptoCurrency,2020-06-13 05:23:08,1261
CryptoCurrency,2021-04-28 00:36:17,1254
CryptoCurrency,2020-06-11 20:32:22,1256
CryptoCurrency,2020-07-26 13:56:20,1246
CryptoCurrency,2021-04-21 13:49:09,1245
CryptoCurrency,2020-07-10 16:12:44,1242
CryptoCurrency,2020-11-24 10:58:58,1245
CryptoCurrency,2021-04-21 03:06:18,1240
CryptoCurrency,2021-03-15 11:48:44,1239
CryptoCurrency,2021-04-16 03:19:22,1242
CryptoCurrency,2021-02-08 15:59:10,1236
CryptoCurrency,2020-11-11 03:49:05,1242
CryptoCurrency,2021-05-13 02:13:01,2480
CryptoCurrency,2021-03-18 14:07:18,1229
CryptoCurrency,2020-06-14 07:29:50,1235
CryptoCurrency,2021-04-29 17:20:14,1229
CryptoCurrency,2020-06-27 13:39:20,1230
CryptoCurrency,2021-02-03 12:57:47,1227
CryptoCurrency,2021-03-14 14:18:27,1223
CryptoCurrency,2020-09-03 20:50:33,1223
CryptoCurrency,2020-07-26 05:33:09,1225
CryptoCurrency,2021-05-10 00:32:27,1226
CryptoCurrency,2021-02-21 07:48:12,1222
CryptoCurrency,2020-05-26 07:53:36,1218
CryptoCurrency,2021-03-26 01:39:15,1220
CryptoCurrency,2020-12-14 11:22:38,1217
CryptoCurrency,2021-02-26 05:44:30,1212
CryptoCurrency,2021-01-02 19:04:44,1219
CryptoCurrency,2020-09-23 21:49:38,1213
CryptoCurrency,2021-02-06 19:05:35,1211
CryptoCurrency,2020-05-13 18:37:16,1209
CryptoCurrency,2021-04-24 11:21:36,1217
CryptoCurrency,2020-07-31 05:06:01,1203
CryptoCurrency,2021-03-17 11:18:00,1205
CryptoCurrency,2021-04-17 20:12:28,1204
CryptoCurrency,2021-04-02 17:30:24,1202
CryptoCurrency,2020-11-20 02:13:31,1204
CryptoCurrency,2021-04-13 09:03:04,1195
CryptoCurrency,2020-08-07 08:37:54,1202
CryptoCurrency,2020-09-03 05:09:59,1195
CryptoCurrency,2021-01-15 04:47:05,1196
CryptoCurrency,2021-04-03 01:54:26,1202
CryptoCurrency,2020-12-02 21:41:58,1201
CryptoCurrency,2020-07-11 08:24:16,1193
CryptoCurrency,2021-05-06 15:22:45,1196
CryptoCurrency,2020-05-14 15:18:32,1192
CryptoCurrency,2021-03-29 07:45:52,1185
CryptoCurrency,2021-03-02 10:57:06,1190
CryptoCurrency,2021-02-16 02:32:15,1186
CryptoCurrency,2020-06-07 10:07:32,1181
CryptoCurrency,2021-04-23 23:26:44,1179
CryptoCurrency,2021-02-13 19:06:13,1173
CryptoCurrency,2021-02-13 20:27:01,1175
CryptoCurrency,2021-03-25 05:21:20,1174
CryptoCurrency,2021-04-05 08:43:04,1170
CryptoCurrency,2020-12-10 06:58:34,1166
CryptoCurrency,2021-03-27 21:22:02,1171
CryptoCurrency,2021-05-09 18:27:14,1172
CryptoCurrency,2021-04-03 11:51:35,1170
CryptoCurrency,2021-03-30 02:03:11,1167
CryptoCurrency,2020-09-13 09:20:47,1164
CryptoCurrency,2020-07-10 07:10:35,1172
CryptoCurrency,2020-12-15 01:07:18,1158
CryptoCurrency,2020-06-21 13:16:51,1157
CryptoCurrency,2021-01-13 19:37:18,1160
CryptoCurrency,2021-02-07 02:28:42,1156
CryptoCurrency,2021-05-08 10:56:21,1158
CryptoCurrency,2021-03-30 05:23:50,1154
CryptoCurrency,2020-06-28 05:55:07,1152
CryptoCurrency,2021-01-30 03:28:20,1153
CryptoCurrency,2020-11-20 15:01:05,1155
CryptoCurrency,2021-05-11 08:59:10,1235
CryptoCurrency,2021-04-20 04:04:26,1150
CryptoCurrency,2021-02-25 17:24:45,1147
CryptoCurrency,2021-04-13 17:35:53,1143
CryptoCurrency,2020-08-27 08:43:20,1143
CryptoCurrency,2020-06-30 02:38:11,1143
CryptoCurrency,2021-01-06 11:16:09,1141
CryptoCurrency,2021-01-02 04:48:28,1138
CryptoCurrency,2021-05-01 07:22:20,1137
CryptoCurrency,2021-02-18 04:25:32,1141
CryptoCurrency,2020-08-19 05:43:32,1137
CryptoCurrency,2021-03-19 06:41:20,1134
CryptoCurrency,2020-06-21 19:01:42,1137
CryptoCurrency,2021-04-02 16:35:37,1130
CryptoCurrency,2021-03-02 13:58:23,1134
CryptoCurrency,2021-02-05 01:31:35,1132
CryptoCurrency,2020-07-14 12:00:44,1132
CryptoCurrency,2021-04-30 10:02:14,1131
CryptoCurrency,2021-03-29 12:26:23,1129
CryptoCurrency,2020-07-27 18:08:28,1126
CryptoCurrency,2020-08-18 06:34:28,1128
CryptoCurrency,2021-02-10 13:21:31,1128
CryptoCurrency,2020-11-08 03:15:50,1125
CryptoCurrency,2020-06-11 09:47:14,1121
CryptoCurrency,2020-12-11 19:55:15,1130
CryptoCurrency,2021-03-27 08:37:56,1126
CryptoCurrency,2021-04-18 10:44:16,1123
CryptoCurrency,2021-01-14 03:40:55,1118
CryptoCurrency,2020-09-28 01:38:43,1113
CryptoCurrency,2021-01-23 07:01:07,1114
CryptoCurrency,2021-03-16 07:43:44,1109
CryptoCurrency,2021-03-21 18:27:51,1107
CryptoCurrency,2021-03-08 04:55:01,1112
CryptoCurrency,2020-10-25 04:45:17,1105
CryptoCurrency,2021-02-19 02:45:04,1104
CryptoCurrency,2020-08-26 16:52:27,1101
CryptoCurrency,2020-06-08 22:08:20,1097
CryptoCurrency,2020-12-09 15:58:34,1097
CryptoCurrency,2020-12-10 17:33:37,1100
CryptoCurrency,2021-03-26 06:31:45,1097
CryptoCurrency,2021-01-12 12:06:12,1097
CryptoCurrency,2021-04-05 00:52:00,1099
CryptoCurrency,2021-02-23 07:24:39,1098
CryptoCurrency,2021-04-11 07:07:56,1098
CryptoCurrency,2021-04-19 06:48:37,1090
CryptoCurrency,2021-05-03 08:45:15,1093
CryptoCurrency,2021-04-16 22:55:53,1092
CryptoCurrency,2020-11-21 20:07:35,1091
CryptoCurrency,2020-09-18 03:38:32,1092
CryptoCurrency,2021-01-10 02:28:57,1086
CryptoCurrency,2020-09-03 11:35:34,1091
CryptoCurrency,2021-04-23 21:04:00,1086
CryptoCurrency,2020-06-27 01:13:52,1091
CryptoCurrency,2021-01-29 18:36:33,1083
CryptoCurrency,2021-04-30 05:47:19,1083
CryptoCurrency,2021-04-19 08:57:21,1088
CryptoCurrency,2021-04-26 11:48:49,1081
CryptoCurrency,2020-10-12 17:38:27,1077
CryptoCurrency,2020-09-20 22:46:11,1074
CryptoCurrency,2020-08-22 22:01:20,1073
CryptoCurrency,2021-02-20 04:12:01,1072
CryptoCurrency,2021-02-16 14:01:16,1070
CryptoCurrency,2021-01-31 09:30:37,1079
CryptoCurrency,2021-01-19 21:33:26,1066
CryptoCurrency,2020-10-09 16:13:09,1070
CryptoCurrency,2021-04-16 13:29:32,1069
CryptoCurrency,2020-08-15 08:33:57,1065
CryptoCurrency,2020-07-28 09:56:43,1065
CryptoCurrency,2021-01-04 06:48:46,1066
CryptoCurrency,2020-07-05 13:05:42,1058
CryptoCurrency,2021-04-22 08:32:21,1054
CryptoCurrency,2021-05-09 21:00:58,1062
CryptoCurrency,2021-02-26 22:40:02,1056
CryptoCurrency,2021-02-06 23:23:18,1054
CryptoCurrency,2020-11-14 06:56:32,1055
CryptoCurrency,2021-04-06 09:28:48,1052
CryptoCurrency,2020-09-01 18:16:53,1056
CryptoCurrency,2020-07-29 11:52:11,1061
CryptoCurrency,2020-11-05 10:07:02,1052
CryptoCurrency,2020-09-19 02:25:25,1054
CryptoCurrency,2021-01-29 22:29:05,1056
CryptoCurrency,2020-09-04 13:47:29,1051
CryptoCurrency,2021-03-14 18:27:51,1045
CryptoCurrency,2020-09-21 08:07:41,1046
CryptoCurrency,2021-04-22 23:17:01,1039
CryptoCurrency,2021-04-18 11:05:10,1042
CryptoCurrency,2021-04-14 21:31:21,1042
CryptoCurrency,2020-09-16 03:44:20,1040
CryptoCurrency,2021-05-10 06:08:35,1051
CryptoCurrency,2020-09-27 16:26:00,1039
CryptoCurrency,2021-04-28 17:19:28,1038
CryptoCurrency,2021-03-21 15:39:07,1038
CryptoCurrency,2020-10-11 11:48:14,1035
CryptoCurrency,2021-04-10 09:27:10,1034
CryptoCurrency,2021-03-08 14:46:38,1037
CryptoCurrency,2021-02-02 16:54:43,1028
CryptoCurrency,2021-02-23 06:44:51,1032
CryptoCurrency,2020-07-07 04:24:57,1027
CryptoCurrency,2021-03-19 05:07:24,1033
CryptoCurrency,2020-11-14 00:24:13,1030
CryptoCurrency,2021-03-25 14:47:41,1026
CryptoCurrency,2021-04-26 09:15:38,1017
CryptoCurrency,2021-04-27 14:16:40,1019
CryptoCurrency,2021-02-10 03:55:44,1024
CryptoCurrency,2021-04-27 13:12:23,1022
CryptoCurrency,2021-02-07 06:37:06,1017
CryptoCurrency,2021-05-13 01:56:22,2097
CryptoCurrency,2020-10-02 04:32:06,1016
CryptoCurrency,2021-03-26 20:26:14,1010
CryptoCurrency,2021-02-12 10:27:38,1017
CryptoCurrency,2020-12-09 09:04:41,1014
CryptoCurrency,2021-05-06 10:26:56,1008
CryptoCurrency,2021-04-22 05:27:13,1013
CryptoCurrency,2021-05-08 06:08:43,1025
CryptoCurrency,2021-04-28 08:33:49,1011
CryptoCurrency,2021-04-06 22:00:10,1014
CryptoCurrency,2020-11-03 17:17:29,1002
CryptoCurrency,2021-05-11 11:08:59,1008
CryptoCurrency,2021-04-21 13:09:35,1007
CryptoCurrency,2021-03-04 16:55:53,995
CryptoCurrency,2021-02-20 23:46:38,992
CryptoCurrency,2020-11-17 03:52:52,993
CryptoCurrency,2021-04-29 16:24:23,996
CryptoCurrency,2020-12-26 17:24:29,991
CryptoCurrency,2021-02-22 22:07:43,991
CryptoCurrency,2021-02-14 03:57:41,989
CryptoCurrency,2020-08-18 16:43:21,987
CryptoCurrency,2021-02-12 15:40:33,988
CryptoCurrency,2021-02-07 03:25:25,989
CryptoCurrency,2021-05-12 04:10:13,988
CryptoCurrency,2021-05-11 08:26:10,981
CryptoCurrency,2021-02-16 02:21:53,981
CryptoCurrency,2021-04-07 00:05:17,986
CryptoCurrency,2021-02-04 17:42:28,976
CryptoCurrency,2021-04-26 18:52:05,983
CryptoCurrency,2021-03-04 09:32:01,975
CryptoCurrency,2021-01-11 13:14:45,974
CryptoCurrency,2020-12-04 10:40:23,973
CryptoCurrency,2021-03-27 15:38:29,979
CryptoCurrency,2020-12-04 07:03:21,976
CryptoCurrency,2020-11-06 18:01:04,967
CryptoCurrency,2021-05-07 06:55:22,969
CryptoCurrency,2021-02-18 08:13:26,962
CryptoCurrency,2021-04-09 06:51:00,964
CryptoCurrency,2020-12-22 11:13:35,969
CryptoCurrency,2020-12-12 06:41:26,966
CryptoCurrency,2020-06-06 05:17:16,967
CryptoCurrency,2021-01-29 07:21:24,962
CryptoCurrency,2021-02-09 06:22:59,957
CryptoCurrency,2021-03-21 10:40:10,960
CryptoCurrency,2020-11-24 14:01:24,958
CryptoCurrency,2021-05-08 04:59:21,960
CryptoCurrency,2021-02-19 19:54:12,953
CryptoCurrency,2021-02-21 08:59:48,950
CryptoCurrency,2020-12-08 09:05:31,954
CryptoCurrency,2021-01-16 18:41:37,949
CryptoCurrency,2020-10-19 06:03:10,950
CryptoCurrency,2021-02-24 14:12:14,944
CryptoCurrency,2021-04-28 09:51:39,949
CryptoCurrency,2020-11-10 12:49:44,944
CryptoCurrency,2021-02-15 19:39:57,942
CryptoCurrency,2021-02-19 17:43:16,939
CryptoCurrency,2021-04-16 01:01:50,937
CryptoCurrency,2021-05-06 13:56:24,937
CryptoCurrency,2021-04-28 08:06:38,944
CryptoCurrency,2020-12-26 16:59:13,938
CryptoCurrency,2021-03-25 14:13:05,933
CryptoCurrency,2021-05-04 03:38:08,928
CryptoCurrency,2021-04-04 08:32:16,926
CryptoCurrency,2021-04-05 22:53:33,928
CryptoCurrency,2021-04-01 15:54:19,926
CryptoCurrency,2020-09-19 10:13:53,925
CryptoCurrency,2021-02-28 22:03:26,930
CryptoCurrency,2020-06-18 23:28:21,929
CryptoCurrency,2021-04-28 08:42:33,925
CryptoCurrency,2021-01-30 20:15:24,918
CryptoCurrency,2021-01-14 20:00:12,921
CryptoCurrency,2020-09-07 11:25:31,919
CryptoCurrency,2021-02-18 03:26:44,914
CryptoCurrency,2020-10-28 03:58:22,917
CryptoCurrency,2021-02-23 08:49:04,911
CryptoCurrency,2021-02-11 23:56:33,914
